;Subreddit;Members;Type ;Theme
0;politics;high;News;politics
1;interstingasfuck;high;Media share;melting pot
2;PublicFreakout;high;Media share;politics
3;nextfuckinglevel;high;Media share;melting pot
4;aww;very high;Media share;animals
5;funny;very high;Media share;memes
6;Unexpected;high;Media share;memes
7;worldnews;very high;News;politics
8;news;very high;News;news
9;Damnthatsinteresting;high;Media share;melting pot
10;science;very high;News;science
11;memes;very high;Media share;memes
12;NatureIsFuckingLit;high;Media share;science
13;WinStupidPrizes;high;Media share;memes
14;Whatcouldgowrong;high;Media share;memes
15;gifs;very high;Media share;melting pot
16;oddlysatisfying;high;Media share;melting pot
17;ForUnitedStates;very low;News;politics
18;WTF;high;Media share;melting pot
19;pics;very high;Media share;melting pot
20;WatchPeopleDieInside;high;Media share;memes
21;IdiotsInCars;high;Media share;melting pot
22;Futurology;very high;News;science
23;AnimalsBeingDerps;high;Media share;animals
24;MadeMeSmile;high;Media share;melting pot
25;technology;very high;News;science
26;instant_regret;high;Media share;memes
27;mildlyinteresting;very high;Media share;melting pot
28;BeAmazed;high;Media share;melting pot
29;todayilearned;very high;News;melting pot
30;ThatsInsane;medium;Media share;melting pot
31;Wellthatsucks;high;Media share;melting pot
32;AbruptChaos;high;Media share;memes
33;natureismetal;high;Media share;animals
34;WayOfTheBern;low;Community;politics
35;dataisbeautiful;very high;Media share;melting pot
36;maybemaybemaybe;high;Media share;melting pot
37;Eyebleach;high;Media share;animals
38;videos;very high;Media share;melting pot
39;HolUp;high;Media share;memes
40;therewasanattempt;high;Media share;melting pot
41;MarchAgainstNazis;low;Community;politics
42;blackmagicfuckery;high;Media share;melting pot
43;hackernews;low;News;science
44;WhitePeopleTwitter;high;Media share;memes
45;PoliticalHumor;high;Media share;memes
46;dankmemes;high;Media share;memes
47;wallstreetbets;very high;Community;memes
48;TikTokCringe;medium;Media share;melting pot
49;InternationalLeft;very low;Community;politics
50;coolguides;high;Media share;melting pot
51;Bad_Cop_No_Donut;medium;Media share;politics
52;TheLegacyFHP;very low;Community;politics
53;Coronavirus;high;News;news
54;AnimalsBeingJerks;high;Media share;animals
55;facepalm;high;Media share;memes
56;nottheonion;very high;Media share;memes
;;;;
58;Cringetopia;high;Media share;memes
59;DebateVaccines;very low;Community;politics
60;europe;high;News;politics
61;Superstonk;medium;Community;memes
62;CPUSA;very low;Community;politics
63;awfuleverything;high;Media share;melting pot
64;Anarchism;medium;Community;politics
65;shitposting;medium;Media share;memes
66;LateStageCapitalism;medium;Media share;memes
67;TIHI;high;Media share;melting pot
68;environment;medium;News;politics
69;SandersForPresident;medium;Community;politics
70;wholesomememes;high;Media share;memes
71;MurderedByAOC;medium;Community;politics
72;OurPresident;medium;Media share;politics
73;MakeMeSuffer;high;Media share;melting pot
74;BetterEveryLoop;high;Media share;melting pot
75;BreadTube;medium;Media share;politics
76;ActualPublicFreakouts;medium;Media share;melting pot
77;blursedimages;high;Media share;memes
78;NoNewNormal;low;Community;politics
79;ActualFreakouts;low;Media share;melting pot
80;space;very high;News;science
81;KidsAreFuckingStupid;high;Media share;memes
82;FragrantHarbour;very low;Community;politics
83;instantkarma;high;Media share;melting pot
84;CatastrophicFailure;high;Media share;melting pot
85;perfectlycutscreams;high;Media share;memes
86;woahdude;high;Media share;melting pot
87;oddlyterrifying;high;Media share;melting pot
88;fightporn;high;Community;melting pot
89;UpliftingNews;very high;News;melting pot
90;conspiracy;high;Community;politics
91;iamatotalpieceofshit;high;Media share;melting pot
92;gaming;very high;Community;memes
93;BlackPeopleTwitter;high;Media share;memes
94;rastaknowledge;very low;Community;politics
95;MapPorn;high;Media share;melting pot
96;worldnewsvideo;low;Media share;melting pot
97;Refdrops;very low;Community;melting pot
98;uninsurable;very low;Community;politics
99;Politsturm;very low;Community;politics
