Subreddit;Members;Type;Theme
RuralNewsNetwork;very low;News;politics
aww;very high;Media share;animals/nature
GoodRisingTweets;very low;Media share;personal
premiuminternet;very low;Media share;melting pot
Pikabu;medium;Media share;melting pot
therewasanattempt;high;Media share;memes
LateStageCapitalism;medium;Media share;memes
yourmomshousepodcast;medium;Community;memes
PublicFreakout;high;Media share;politics
Ytqaz2019;very low;Media share;melting pot
MxRMods;medium;Community;memes
ABoringDystopia;medium;Media share;politics
AbruptChaos;high;Media share;memes
oddlyterrifying;high;Media share;melting pot
Bad_Cop_No_Donut;medium;Media share;politics
TheFightThatMatters;very low;Community;politics
awfuleverything;high;Media share;melting pot
EcoNewsNetwork;very low;News;animals/nature
TIHI;high;Media share;melting pot
TheAbditory;very low;Community;animals/nature
DownloadVideo;very low;Media share;melting pot
HolUp;high;Media share;memes
Political_Revolution;medium;Community;politics
yesyesyesyesno;high;Media share;melting pot
VaushV;low;Community;memes
animalsdoingstuff;medium;Media share;animals/nature
Instantregret;medium;Media share;melting pot
nonononoyes;high;Media share;melting pot
Formyberb;very low;Media share;animals/nature
environment;medium;News;politics
HydroHomies;medium;Media share;memes
Astuff;very low;Media share;personal
patient_hackernews;very low;News;personal
Bossfight;medium;Media share;memes
oddlysatisfying;high;Media share;melting pot
Whatcouldgowrong;high;Media share;melting pot
thalassophobia;medium;Media share;melting pot
DemocraticSocialism;medium;Community;politics
WayOfTheBern;low;Community;politics
Anarcho_Capitalism;medium;Media share;memes
BirdsArentReal;medium;Media share;memes
Anarchism;medium;Community;politics
vegan;medium;Community;animals/nature
ACAB;low;Media share;politics
wholesome;medium;Media share;melting pot
GME;medium;Community;memes
killthecameraman;medium;Media share;melting pot
alltheleft;low;Community;politics
SweatyPalms;high;Media share;melting pot
lostgeneration;medium;Community;politics
Satisfyingasfuck;medium;Media share;melting pot
Trumpet_of_Discord;very low;Media share;politics
knowyourshit;low;Media share;melting pot
FUCKYOUINPARTICULAR;medium;Media share;melting pot
Superstonk;medium;Community;memes
donthelpjustfilm;medium;Media share;melting pot
antiwork;medium;Community;politics
WhyWomenLiveLonger;medium;Media share;memes
COMPLETEANARCHY;medium;Community;politics
dontputyourdickinthat;medium;Media share;memes
NoNewNormal;low;Community;politics
DiscoverEarth;very low;Media share;animals/nature
Kossacks_for_Sanders;very low;Community;politics
MakeMeSuffer;high;Media share;melting pot
MyPeopleNeedMe;medium;Media share;memes
nope;medium;Media share;melting pot
iboopyou;very low;Media share;personal
Eyebleach;high;Media share;melting pot
toptalent;high;Media share;melting pot
DidntKnowIWantedThat;medium;Media share;melting pot
Corruption;very low;News;politics
Fuck45;very low;News;politics
yesyesyesno;medium;Media share;melting pot
mostrepostedposts;very low;Media share;melting pot
megalophobia;medium;Media share;melting pot
conspiracy;high;Community;politics
usa;low;News;politics
KGBTR;;;
AntifascistsofReddit;low;Community;politics
likeus;high;Media share;animals/nature
WhatsWrongWithYourDog;high;Media share;animals/nature
perfectlycutscreams;high;Media share;memes
actualliberalgunowner;very low;Community;politics
BakaNewsJP;low;Media share;memes
woahdude;high;Media share;melting pot
cellbits;medium;Media share;melting pot
MiscellaneousContent;very low;Media share;melting pot
socialism;medium;Community;politics
International;very low;News;politics
The_Mueller;medium;Community;politics
uffz;very low;Media share;personal
youseeingthisshit;high;Media share;melting pot
fucktheccp;low;Community;politics
mildlyinfuriating;high;Media share;melting pot
RepublicanValues;low;News;politics
ANormalDayInRussia;high;Media share;memes
2020PoliceBrutality;medium;News;politics
ItemShop;medium;Media share;memes
AccidentalSlapStick;low;Media share;memes
MarshallBrain;very low;Community;melting pot
